"Codigo","Nome","Preco","Quantidade","Categoria"
"t0n75ytr","Teclado Gamer","217.78199999999998","1","ESCRITÓRIO"
"7t0do00n","Livro Design Patterns","171.887","1","ESCRITÓRIO"
"oh8u4qy2","Café Solúvel South","14.647499999999999","1","ALIMENTAÇÃO E BEBIDAS"
"am45zbvz","Camiseta South","56.336","1","VESTUÁRIO"
"hrcilce1","Cerveja Foguete South","44.395920000000004","1","ALIMENTAÇÃO E BEBIDAS"
"heqti1q0","Máscara PFF2 South","15.03","1","HIGIENE E SAÚDE"
"iyu2uudy","Patinete Elétrico South","497.43372","1","MEIO DE TRANSPORTE"
